city,activities,food,accommodation,description
Paris,"Eiffel Tower, Louvre Museum, Seine River Cruise","Croissants, Baguette, Macarons","Hotel Le Bristol, Hotel Lutetia",A romantic getaway with iconic landmarks and delicious French cuisine.
New York,"Statue of Liberty, Central Park, Broadway Shows","Pizza, Bagels, Cheesecake","The Plaza, The Ritz-Carlton",A bustling city experience with famous landmarks and diverse food options.
Tokyo,"Tokyo Tower, Shinjuku Gyoen, Akihabara","Sushi, Ramen, Tempura","Park Hyatt Tokyo, The Ritz-Carlton Tokyo",A mix of traditional and modern experiences with exquisite Japanese cuisine.
Sydney,"Sydney Opera House, Bondi Beach, Taronga Zoo","Seafood, Meat Pies, Lamingtons","Four Seasons Hotel, Shangri-La Hotel",A vibrant city with stunning beaches and world-famous landmarks.
Rome,"Colosseum, Vatican Museums, Trevi Fountain","Pasta, Pizza, Gelato","Hotel Hassler, Hotel de Russie",An ancient city with a rich history and mouth-watering Italian cuisine.
London,"London Eye, Buckingham Palace, British Museum","Fish and Chips, Afternoon Tea, Roast Dinner","The Savoy, The Ritz London",A cosmopolitan city with historical sites and diverse culinary options.
Barcelona,"Sagrada Familia, Park Güell, La Rambla","Tapas, Paella, Churros","Hotel Arts, W Barcelona","A city with unique architecture, vibrant culture, and delectable Spanish food."
Bangkok,"Grand Palace, Wat Arun, Chatuchak Market","Pad Thai, Tom Yum, Mango Sticky Rice","Mandarin Oriental, The Siam Hotel",A city with a blend of traditional and modern attractions and flavorful Thai cuisine.
Dubai,"Burj Khalifa, Desert Safari, Dubai Mall","Shawarma, Falafel, Manakish","Burj Al Arab, Atlantis The Palm",A luxurious destination with impressive skyscrapers and diverse food options.
Cape Town,"Table Mountain, Robben Island, V&A Waterfront","Braai, Bobotie, Biltong","The Silo, One&Only Cape Town","A city with stunning landscapes, rich history, and delicious South African cuisine."
Istanbul,"Hagia Sophia, Blue Mosque, Grand Bazaar","Kebabs, Baklava, Meze","Four Seasons Hotel Istanbul, Ciragan Palace Kempinski","A city where East meets West, offering historical sites and delightful Turkish cuisine."
Rio de Janeiro,"Christ the Redeemer, Copacabana Beach, Sugarloaf Mountain","Feijoada, Churrasco, Açaí","Belmond Copacabana Palace, Hotel Fasano","A vibrant city with beautiful beaches, lively festivals, and delicious Brazilian food."
Singapore,"Marina Bay Sands, Gardens by the Bay, Sentosa Island","Chili Crab, Hainanese Chicken Rice, Laksa","Raffles Hotel, Marina Bay Sands","A modern city with futuristic architecture, green spaces, and a variety of delicious food."
Buenos Aires,"La Boca, Teatro Colon, Palermo","Asado, Empanadas, Dulce de Leche","Alvear Palace Hotel, Four Seasons Hotel Buenos Aires","A city with European charm, tango dancing, and flavorful Argentine cuisine."
San Francisco,"Golden Gate Bridge, Alcatraz Island, Fisherman's Wharf","Sourdough Bread, Dungeness Crab, Clam Chowder","The Fairmont, Ritz-Carlton San Francisco","A city with iconic landmarks, scenic views, and a diverse food scene."
